{
    "dataset_A_internal": {
        "IS": {
            "voi_acc": 0.9111111111111111,
            "voi_f1": 0.5,
            "pat_acc": 0.8181818181818182,
            "pat_f1": 0.5
        },
        "IS_top5": {
            "voi_acc": 0.9,
            "voi_f1": 0.4,
            "pat_acc": 0.7272727272727273,
            "pat_f1": 0.0,
            "features": [
                "region",
                "A41",
                "A49",
                "A92",
                "A44"
            ]
        },
        "ES": {
            "pat_acc": 1.0,
            "pat_f1": 1.0
        },
        "ES_top5": {
            "pat_acc": 1.0,
            "pat_f1": 1.0,
            "features": [
                "region",
                "A41",
                "A49",
                "A92",
                "A44"
            ]
        }
    },
    "dataset_B_external_validation": {
        "IS": {
            "voi_acc": 0.819672131147541,
            "voi_f1": 0.5837837837837838,
            "pat_acc": 0.5833333333333334,
            "pat_f1": 0.3902439024390244
        },
        "IS_top5": {
            "voi_acc": 0.8337236533957846,
            "voi_f1": 0.6282722513089005,
            "pat_acc": 0.6,
            "pat_f1": 0.42857142857142855,
            "features": [
                "region",
                "A41",
                "A49",
                "A92",
                "A44"
            ]
        },
        "ES": {
            "pat_acc": 1.0,
            "pat_f1": 1.0
        },
        "ES_top5": {
            "pat_acc": 1.0,
            "pat_f1": 1.0,
            "features": [
                "region",
                "A41",
                "A49",
                "A92",
                "A44"
            ]
        }
    },
    "dataset_AB_with_demographics": {
        "IS_cv": {
            "pat_acc": 0.861111111111111,
            "pat_f1": 0.7111111111111111,
            "pat_acc_std": 0.0962250448649376,
            "pat_f1_std": 0.07698003589195015
        },
        "ES_cv": {
            "pat_acc": 1.0,
            "pat_f1": 1.0,
            "pat_acc_std": 0.0,
            "pat_f1_std": 0.0
        }
    },
    "dataset_AB_without_demographics": {
        "IS_cv": {
            "pat_acc": 0.7333333333333334,
            "pat_f1": 0.6695906432748537,
            "pat_acc_std": 0.10408329997330662,
            "pat_f1_std": 0.17107137399193068
        },
        "ES_cv": {
            "pat_acc": 1.0,
            "pat_f1": 1.0,
            "pat_acc_std": 0.0,
            "pat_f1_std": 0.0
        }
    }
}