{
    "IS": {
        "voi_acc": 0.9333333333333333,
        "voi_f1": 0.7,
        "pat_acc": 0.8181818181818182,
        "pat_f1": 0.6666666666666666
    },
    "IS_top5": {
        "voi_acc": 0.9333333333333333,
        "voi_f1": 0.7,
        "pat_acc": 0.8181818181818182,
        "pat_f1": 0.6666666666666666,
        "features": [
            "age",
            "sex",
            "A41",
            "A63",
            "A92"
        ]
    },
    "ES": {
        "pat_acc": 1.0,
        "pat_f1": 1.0
    },
    "ES_top5": {
        "pat_acc": 1.0,
        "pat_f1": 1.0,
        "features": [
            "age",
            "sex",
            "A41",
            "A63",
            "A92"
        ]
    }
}