{
    "dataset_A_internal": {
        "IS": {
            "voi_acc": 0.9111111111111111,
            "voi_f1": 0.5,
            "pat_acc": 0.8181818181818182,
            "pat_f1": 0.5
        },
        "IS_top5": {
            "voi_acc": 0.9,
            "voi_f1": 0.4,
            "pat_acc": 0.7272727272727273,
            "pat_f1": 0.0,
            "features": [
                "region",
                "A41",
                "A49",
                "A92",
                "A44"
            ]
        },
        "ES": {
            "pat_acc": 1.0,
            "pat_f1": 1.0
        },
        "ES_top5": {
            "pat_acc": 1.0,
            "pat_f1": 1.0,
            "features": [
                "region",
                "A41",
                "A49",
                "A92",
                "A44"
            ]
        }
    },
    "dataset_B_external_validation": {
        "IS": {
            "voi_acc": 0.11538461538461539,
            "voi_f1": 0.20689655172413793,
            "pat_acc": 0.041666666666666664,
            "pat_f1": 0.08
        },
        "IS_top5": {
            "voi_acc": 0.21794871794871795,
            "voi_f1": 0.35789473684210527,
            "pat_acc": 0.125,
            "pat_f1": 0.2222222222222222,
            "features": [
                "region",
                "A41",
                "A49",
                "A92",
                "A44"
            ]
        },
        "ES": {
            "pat_acc": 1.0,
            "pat_f1": 1.0
        },
        "ES_top5": {
            "pat_acc": 1.0,
            "pat_f1": 1.0,
            "features": [
                "region",
                "A41",
                "A49",
                "A92",
                "A44"
            ]
        }
    }
}