{
    "dataset_A_internal": {
        "IS": {
            "voi_acc": 0.9,
            "voi_f1": 0.4,
            "pat_acc": 0.8181818181818182,
            "pat_f1": 0.5
        },
        "IS_top5": {
            "voi_acc": 0.9,
            "voi_f1": 0.5263157894736842,
            "pat_acc": 0.9090909090909091,
            "pat_f1": 0.8,
            "features": [
                "region",
                "A41",
                "A49",
                "A29",
                "A92"
            ]
        },
        "ES": {
            "pat_acc": 1.0,
            "pat_f1": 1.0
        },
        "ES_top5": {
            "pat_acc": 1.0,
            "pat_f1": 1.0,
            "features": [
                "region",
                "A41",
                "A49",
                "A29",
                "A92"
            ]
        }
    },
    "dataset_B_external_validation": {
        "IS": {
            "voi_acc": 0.8220140515222483,
            "voi_f1": 0.5913978494623656,
            "pat_acc": 0.5833333333333334,
            "pat_f1": 0.3902439024390244
        },
        "IS_top5": {
            "voi_acc": 0.8173302107728337,
            "voi_f1": 0.5851063829787234,
            "pat_acc": 0.6166666666666667,
            "pat_f1": 0.46511627906976744,
            "features": [
                "region",
                "A41",
                "A49",
                "A29",
                "A92"
            ]
        },
        "ES": {
            "pat_acc": 1.0,
            "pat_f1": 1.0
        },
        "ES_top5": {
            "pat_acc": 1.0,
            "pat_f1": 1.0,
            "features": [
                "region",
                "A41",
                "A49",
                "A29",
                "A92"
            ]
        }
    },
    "dataset_AB_with_demographics": {
        "IS_cv": {
            "pat_acc": 0.861111111111111,
            "pat_f1": 0.7111111111111111,
            "pat_acc_std": 0.0962250448649376,
            "pat_f1_std": 0.07698003589195015
        },
        "ES_cv": {
            "pat_acc": 1.0,
            "pat_f1": 1.0,
            "pat_acc_std": 0.0,
            "pat_f1_std": 0.0
        }
    },
    "dataset_AB_without_demographics": {
        "IS_cv": {
            "pat_acc": 0.7333333333333334,
            "pat_f1": 0.6866096866096866,
            "pat_acc_std": 0.07637626158259735,
            "pat_f1_std": 0.08301311842925051
        },
        "ES_cv": {
            "pat_acc": 1.0,
            "pat_f1": 1.0,
            "pat_acc_std": 0.0,
            "pat_f1_std": 0.0
        }
    }
}